name,company,role,twitter,linkedIn
"Richard Teng","Binance","CEO","https://twitter.com/_RichardTeng","https://www.linkedin.com/in/richard-teng-3497b527/"
"Kingsley Coman","Lingo Coin","International French Footballer","",""
"Jeremy Allaire","Circle","Co-Founder","","https://www.linkedin.com/in/jeremyallaire/"
"Tim Draper","Draper Associates","Founder and Managing Partner at Draper Associates","","https://www.linkedin.com/in/timothydraper/"
"Blaise Matuidi","Chiliz","Football Legend and Web3 investor","",""
"Jan Van Eck","Van Eck","CEO","","https://www.linkedin.com/in/janfvaneck/"
"David Marcus","Lightspark","CEO & Co-Founder","https://twitter.com/davidmarcus?ref_src=twsrc%5Egoogle%7Ctwcamp%5Eserp%7Ctwgr%5Eauthor","https://www.linkedin.com/in/dmarcus/"
"Arianna Simpson","Andreessen Horowitz","General Partner","","https://www.linkedin.com/in/ariannasimpson/"
"Mo Shaikh","Aptos","Co-Founder & CEO","https://twitter.com/moshaikhs","https://www.linkedin.com/in/moalishaikh/"
"Ryan Selkis","Messari","Co-Founder & CEO","",""
"Eric Anziani","Crypto.com","President and COO","",""
"Jiten Varu","Amazon Web Services","Head of FinTech & Web3 - Industry Leader EMEA","","https://www.linkedin.com/in/jitenvaru/"
"Verena Ross","ESMA (European Securities and Market Activities)","Chair of the European Securities and Markets Authority","",""
"Brad Garlinghouse","Ripple","CEO","","https://www.linkedin.com/in/bradgarlinghouse/"
"Silvio Micali","Algorand","Founder","https://twitter.com/silviomicali","https://www.linkedin.com/in/silvio-micali-26bb37152/"
"Karina Fernandez","Shell","General Manager of Emerging Digital Technologies","","https://www.linkedin.com/in/karina-fernandez-a43991153/"
"Frank Chaparro","The Block","Host of The Scoop and The Block's Director of Special Projects","","https://www.linkedin.com/in/fchaparro/"
"Dotun Rominiyi","London Stock Exchange","Director of Emerging Technology at London Stock Exchange","","https://www.linkedin.com/in/dotun-rominiyi"
"Basak Toprak","J.P. Morgan","Executive Director EMEA Head of Coin Systems","",""
"Elise Yoshida","Christian Louboutin","Digital And Web3 Communications Director","","https://www.linkedin.com/in/elise/?originalSubdomain=fr"
"Lily Liu","Solana Foundation","President of the Management","","https://www.linkedin.com/in/calilyliu/"
"Pascal Gauthier","Ledger","Chairman & CEO","https://twitter.com/_pgauthier?lang=en","https://www.linkedin.com/in/pascalgauthier1/"
"Vincent Benoist","Sephora","Global Innovation Project Director","",""
"Yat Siu","Animoca Brands","Co-Founder and Executive Chairman of Animoca Brands","","https://www.linkedin.com/in/yatsiu/"
"Wesley Tucker","Tracr","CEO","","https://www.linkedin.com/in/wesleytuckerprofile/"
"Thomas Restout","B2C2","Group CEO","","https://www.linkedin.com/in/thomas-restout-b944b621/?originalSubdomain=uk"
"Eric van Miltenburg","Ripple","Senior Vice President of Strategic Initiatives","","https://www.linkedin.com/in/vanmiltenburg/?originalSubdomain=uk"
"Yoni Assia","eToro","Co-Founder & CEO","https://twitter.com/yoniassia","https://www.linkedin.com/in/yoniassia/"
"Catherine Chen","Binance","Head of VIP & Institutional","",""
"Alexei Falin","Rarible","CEO & Co-Founder","","https://www.linkedin.com/in/alxfal/"
"Charlie Meraud","Woorton","CEO","","https://www.linkedin.com/in/charlie-meraud-8a096767/?originalSubdomain=fr"
"Chris Donovan","NEAR Foundation","COO","https://twitter.com/Chris_JP_D","https://www.linkedin.com/in/alxfal/"
"Dan Kamieniecki","Tel Aviv Stock Exchange","Head of Digital Assets","","https://www.linkedin.com/in/dan-kam/"
"Paul Wong","Stellar Development Foundation","Director of Product","",""
"Kristofer Dayne Penseyres","Dogami","Co-Founder & Chief Brand Officer","",""
"Silvia Attanasio","ABI"," ECB Digital Euro Market Advisory Group","",""
"Orly Grinfeld","Tel Aviv Stock Exchange","Executive Vice President & Head of Clearing","","https://www.linkedin.com/in/orly-grinfeld-056228232/"
"Nicolas Cary","Blockchain.com","Co-Founder and Vice Chairman","",""
"Henri Arslanian","Nine Blocks Capital Management","Co-founder and Managing partner","",""
"Josh Fried","Solana Foundation","Head of Commerce Business Development","","https://www.linkedin.com/in/joshuafried/"
"David Janczewski","Coincover","Founder & CEO","","https://www.linkedin.com/in/david-janczewski/"
"Anand Iyer","Lightspeed & Canonical","Founder and Managing Partner","",""
"Leo Schwartz","Fortune","Reporter","","https://www.linkedin.com/in/leo-schwartz-9682ba59/"
"Elisabeth Carpenter","Circle","COO","","https://www.linkedin.com/in/thiscarpenter/"
"Frank Holmes","HIVE Digital Technologies","Executive Chairman","","https://www.linkedin.com/in/frank-holmes-0a941b16/"
"Tara Harris","Nifty Gateway","Head","","https://www.linkedin.com/in/-tara-harris/"
"Dante Disparte","Circle","Chief Strategy Officer & Head of Global Policy","","https://www.linkedin.com/in/dantedisparte/"
"Markus Infanger","Ripple","SVP of RippleX","",""
"Jean-Marie Mognetti","CoinShares","CEO & Co-Founder","","https://www.linkedin.com/in/jmmognetti"
"Daniel Casanas","Stellar Development Foundation","Head of Investments","","https://www.linkedin.com/in/danielcasanas/"
"Denelle Dixon","Stellar Development Foundation","CEO & Executive Director","https://twitter.com/DenelleDixon","https://www.linkedin.com/in/denelle-dixon-967a236/"
"Sergej Kunz","1inch","Co-Founder","","https://www.linkedin.com/in/deacix/"
"Thibault Lecerf","Pernod Ricard","Web3 Leader","","https://www.linkedin.com/in/thibault-lecerf-635b563b/"
"Farokh Sarmad","Rug Radio","Founder","","https://www.linkedin.com/in/farokhsarmad/"
"Nick Hill","Moody`s Investors Service"," Paris","",""
"Matthew White","VARA","CEO","","https://www.linkedin.com/in/mjwme/"
"Alexandre Dreyfus","Socios & Chiliz","CEO","https://twitter.com/alex_dreyfus","https://www.linkedin.com/in/alexandredreyfus/"
"Rozh Rashid","Dutch Ministry of Finance & Tax Authorities","VAT & FinTech Specialist","",""
"Robby Yung","Animoca Brands","CEO of Investments","","https://www.linkedin.com/in/robyung/?originalSubdomain=uk"
"Austin Federa","Solana Foundation","Head of Strategy","","https://www.linkedin.com/in/austin-federa/"
"Alex Matsuo","Amazon Web Services","Co-Head of Web3","","https://www.linkedin.com/in/alexandre-matsuo/?locale=en_US"
"Nabil Manji","Worldpay","Senior Vice President & General Manager","",""
"Stephen Richardson","Fireblocks","Managing Director of Financial Markets","","https://www.linkedin.com/in/stephen--richardson/?originalSubdomain=sg"
"Kevin Hurley","Lightspark","Co-Founder and CTO","","https://www.linkedin.com/in/kevin-p-hurley/"
"Eric Demuth","Bitpanda","Co-Founder & CEO","","https://www.linkedin.com/in/eric-demuth-9ba02943/"
"Jessie Serrino","Stellar Development Foundation","Senior Product Manager","","https://www.linkedin.com/in/jessieserrino/"
"Alain Otaegui","European Banking Authority","Policy Expert on Digital Finance","","https://www.linkedin.com/in/alain-otaegui/"
"Coty De Monteverde","Santander","Head of the Crypto & Blockchain Center of Excellence","","https://www.linkedin.com/in/cotymonteverde/"
"Tom Farley","Bullish","CEO","","https://www.linkedin.com/in/thomas-farley-b9a806128/"
"Scott Melker","The Wolf of All Streets Podcast","Host","https://twitter.com/scottmelker?ref_src=twsrc%5Egoogle%7Ctwcamp%5Eserp%7Ctwgr%5Eauthor","https://www.linkedin.com/in/scottmelker/"
"Stan Miroshnik","TenSquared  (10SQ)","Founder and Managing Partner","","https://www.linkedin.com/in/stanmiroshnik/"
"Ran Hammer","Orbs","Vice President of Business Development","https://twitter.com/Hammer86R","https://www.linkedin.com/in/ran-hammer-32323278/"
"Christian Rau","Mastercard","Senior Vice President Fintech and Crypto Enablement Europe","",""
"Zahreddine Touag","Woorton","Head of Trading","","https://www.linkedin.com/in/zahreddine/"
"Jason Lau","OKX","Chief Innovation Officer","","https://www.linkedin.com/in/jasonklau/"
"Randall Little","1RoundTable Partners & 10T Holdings","Partner","","https://www.linkedin.com/in/randalllittle/"
"Christoph Kreiterling","BaFin","Senior Adviser","","https://www.linkedin.com/in/christoph-kreiterling/?originalSubdomain=de"
"Michael Chobanian","Blockchain Association of Ukraine","President","",""
"Fatih Balyeli","Exaion","Co-Founder & CEO","","https://www.linkedin.com/in/fatih-balyeli-b010153/"
"Jérôme Prigent","BCB Group","Managing Director of BCB Europe","","https://www.linkedin.com/in/j%C3%A9r%C3%B4me-prigent/"
"Aydin Kilic","HIVE Digital Technologies","President & CEO","",""
"Kristina Lucrezia Cornèr","Cointelegraph","Editor-at-large","https://twitter.com/KristinaLCorner","https://www.linkedin.com/in/kristina-lucrezia-corn%C3%A8r-816703154/?originalSubdomain=it"
"Gabrielle Inzirillo","Abu Dhabi Global Market","Head of Ecosystem Development Financial Services Regulatory Authority","","https://www.linkedin.com/in/gainzirillo/?originalSubdomain=ae"
"Buchi Okoro","Quidax","Co-Founder & CEO","",""
"Samir Tabar","Bit Digital","CEO","","https://www.linkedin.com/company/bit-digital"
"Adam Levine","Fireblocks","SVP","",""
"Kumardev Chatterjee","World Economic Forum","Member","","https://www.linkedin.com/in/kumardev/"
"Kristen Nachtman","Goldman Sachs","Vice President of Digital Assets & Global Banking","","https://www.linkedin.com/in/kristen-nachtman-9538b1ab/?originalSubdomain=fr"
"Maja Vujinovic","OGroup","CEO","","https://www.linkedin.com/in/majavujinovic/"
"Dimitris Psarrakis","GBBC","Member Board of Directors","","https://www.linkedin.com/in/dimitrios-psarrakis-12819526/"
"Nicolas Cabrera","Lightspark","VP of Product","","https://www.linkedin.com/in/ncabrera/"
"Ekaterina Daminova","Gemini","Business Development","","https://www.linkedin.com/in/ekaterina-daminova-89ba705a/?originalSubdomain=uk"
"Caroline Glassberg-Powell","Tracr","CTO","","https://www.linkedin.com/in/caroline-glassberg-powell-93a68164/?originalSubdomain=uk"
"Axel Cornier","Girondins de Bordeaux","CFO","","https://www.linkedin.com/in/axelcornier/"
"Marguerite de Tavernost","Ledger Cathay Fund","VC Investor","","https://www.linkedin.com/in/mdetavernost/?originalSubdomain=fr"
"Max Howell","PKGX","Founder","","https://www.linkedin.com/in/mxcl/"
"Karima Lachgar","Olky Wallet","CEO","",""
"Teddy Pahagbia","BLVCPIXEL","Chief Executive Druid","",""
"Cinderella Amar","Glass Ventures","Managing Partner","",""
"Bruce Fenton","Chainstone Labs","Founder & CEO","","https://www.linkedin.com/in/brucefenton/"
"Eugene Nacu","Rarible","CTO","","https://www.linkedin.com/in/evgenynacu/"
"Paolo Ardoino","Bitfinex","CTO of Bitfinex","https://twitter.com/paoloardoino","https://www.linkedin.com/in/prdn/"
"Gijs Koning","VanEck","COO Europe","","https://www.linkedin.com/in/gijs-koning-4767695/"
"Philippe Theunissen","CAIZ","CEO","","https://www.linkedin.com/in/philippetheunissen/"
"Leo Kahn","Undeads","CEO","","https://www.linkedin.com/in/leoundead/"
"Moodi Mahmoudi","NEXT","Co-Founder & CEO","","https://www.linkedin.com/in/moodimahmoudi/"
"Dyma Budorin","Hacken","Co-Founder & CEO","","https://www.linkedin.com/in/dyma-budorin-acca-ccssa-56a98035/?originalSubdomain=pt"
"Emma Joyce","Global Blockchain Business Council (GBBC)","Head of EMEA","","https://www.linkedin.com/in/emma-joyce-b3009b53/?originalSubdomain=uk"
"Diana Biggs","1KX Capital","Partner","","https://www.linkedin.com/in/dianabiggs/"
"Evan Cheng","Mysten Labs","Co-founder & CEO of Mysten Labs","","https://www.linkedin.com/in/chengevan/"
"Abel Peña","Bit2Me","CSO","","https://www.linkedin.com/in/abel-pe%C3%B1a-2098a85a/"
"Jeff Horowitz","BitGo","Chief Compliance Officer","","https://www.linkedin.com/in/jeff-horowitz-3381977/"
"Téo Bertrand","Michelin","Co-Founder Michelin 3xplorer Club; Social Media Manager @Michelin","","https://www.linkedin.com/in/teobertrand/"
"Nena Dokuzov","Ministry of Economy"," Tourism and Sport in Slovenia","",""
"Dominic Williams","DFINITY Foundation","Founder & Chief Scientist","","https://www.linkedin.com/in/thedwilliams/"
"Navroop Sahdev","The Digital Economist","Founder & CEO","","https://www.linkedin.com/in/navroopsahdev/"
"James Bowater","The Digital Commonwealth","Founder & CEO","","https://www.linkedin.com/in/james-bowater-b47612/?utm_source=share&utm_campaign=share_via&utm_content=profile&utm_medium=ios_app"
"Iana Dimitrova","OpenPayd","CEO","","https://www.linkedin.com/in/iana-dimitrova-575b291b/"
"Kerstin Eimers","Deutsche Telekom","Global Web3","","https://www.linkedin.com/in/kerstineimers/"
"Robert Le","PitchBook","Crypto Analyst","",""
"Merlin Egalite","Morpho Labs","Co-Founder and Integration Team Lead","","https://www.linkedin.com/in/merlin-egalite/"
"Ash Arora","LocalGlobe","Partner","","https://www.linkedin.com/in/aashima-arora/?originalSubdomain=uk"
"Paul Solntsev","Cointelegraph","Head of Cointelegraph Accelerator","","https://www.linkedin.com/in/pavel-solntsev-b337a096/?originalSubdomain=uk"
"Jana Bobosikova","KIKI World","Co-Founder and CEO","","https://www.linkedin.com/in/janabobosikova/"
"Simon Foucher","METAV.RS","Co-Founder & CEO","","https://www.linkedin.com/in/simonfoucher/"
"Kenneth Kou","Mercy Corps Ventures","Head of Venture Lab","",""
"Sergiu Biris","MultiverseX","Head of Product","","https://www.linkedin.com/in/sergiubiris/"
"Elise Soucie","Global Digital Finance","Director of Global Policy and Regulatory Affairs","","https://www.linkedin.com/in/elise-soucie-7ab243100/"
"Samantha Bohbot","RockawayX","Chief Growth Officer & Investor","","https://www.linkedin.com/in/samantha-bohbot-7622b933/"
"Katherine Snow","Messari","Head of Legal","","https://www.linkedin.com/in/katherine-snow/"
"Thierry Arys Ruiz","AgAu.io","Executive Chairman and CEO","https://twitter.com/thierryarys ","https://www.linkedin.com/in/joethierryarysruiz/"
"Sandra Ro","GBBC","CEO","","https://www.linkedin.com/in/sandraro/"
"Ali Erhat Nalbant","Arf","Co-Founder & CEO","","https://ch.linkedin.com/in/alierhat"
"Jean-Christophe Barat","Allfeat","Chief Executive Officer","","https://www.linkedin.com/in/jeanchristophe-barat/"
"Vivien Lin","Bing X","Chief Product Officer","https://twitter.com/Vivien_BingX","https://www.linkedin.com/in/vivien-lin-bingx/"
"Da Hongfei","Neo","Founder","https://twitter.com/dahongfei","https://www.linkedin.com/in/dahongfei/"
"Vincent Marty","Darewise Entertainment","Chief Strategy & Product Officer","","https://www.linkedin.com/in/vincemarty/"
"Frédéric de Vaulx","Prometheus Computing LLC","CEO","","https://www.linkedin.com/in/fredericdevaulx/"
"Joshua Siegel","Dfns","CPO","",""
"Giovanna Casimiro","Metaverse Fashion Week","Professor at Institut Français de La Mode; Head of MVFW","","https://www.linkedin.com/in/ggcasimiro/"
"Stefan Rust","Truflation","CEO","","https://www.linkedin.com/in/stefanrust/"
"Miguel Morel","Arkham","Co-Founder & CEO","","https://www.linkedin.com/in/miguel-morel"
"Nadège Martin","Norton Rose Fulbright LLP","Partner","",""
"Aymen Soufi","SunContract","Strategic Director","","Linkedin: https://www.linkedin.com/in/aymen-soufi-b9a19926/"
"Steven Haft","Ethereum Climate Platform","Co-Founder","https://twitter.com/haft11?lang=en","https://www.linkedin.com/in/stevenhaft/"
"Stefan Colins","Venly","Chief Marketing and Strategy Officer"," https://twitter.com/stefancolins"," https://www.linkedin.com/in/stefancolins/"
"Oliver Tonkin","BCB Group","CEO and Co-Founder","","https://www.linkedin.com/in/oliver-tonkin-87681a1/"
"Victor Busson","Taurus","Chief Marketing Officer","https://twitter.com/lamine_brahimi","https://www.linkedin.com/in/lamine-brahimi-cfa-393483/?originalSubdomain=ch"
"Michael Amar","v3ntures","Chairman of Paris Blockchain Week & General Partner at v3ntures","",""
"Silvina Moschini","Unicoin","Founder & Chairwoman","https://twitter.com/Miss_Internet","https://www.linkedin.com/in/smoschini/"
"Clément Tequi","Capsule Corps Labs","Co-Founder & Labs CEO","",""
"Joseph Collement","Bitcoin.com","General Counsel","","https://www.linkedin.com/in/joseph-collement/"
"Or Dadosh","Ironblocks","Co-Founder","","https://www.linkedin.com/in/ordadosh/"
"Alexis Johnson","Light Node Ventures","Co-Founder & CEO","","https://www.linkedin.com/in/alexisjohnson92/"
"Mariana de la Roche","Validvent","Director","","https://www.linkedin.com/in/mariana-de-la-roche-410ba3130/"
"Dino Cataldo Dell’Accio","United Nations Joint Staff Pension Fund","Chief Information Officer","","https://www.linkedin.com/in/dinodellaccio/"
"Ralf Kubli","Casper Association","Board Member","","https://www.linkedin.com/in/ralf-kubli-644393/"
"Ilan Nabeth","Playmakers","CEO","","https://www.linkedin.com/in/ilan-nabeth-%F0%9F%94%9C-gdc-791600146/"
"Leora Schreiber","MarketAcross","Senior Account Manager","",""
"David Nandwa","HoneyCoin","Founder","",""
"Kyle Chassé","Master Ventures","Founder & CEO","","https://www.linkedin.com/in/kylechasse/"
"Omer Sadika","dWallet","Co-Founder","",""
"Rick Martin","Decaf","Co-Founder","",""
"Patrick Martin","EM FO & Alpha Sigma Capital","Managing Partner",""," https://www.linkedin.com/in/patrickmartin4"
"Ahad Ali","Lak3","Director of Communication","",""
"Vlad Svitanko","Cryptorsy.io","Founder & CEO","","https://www.linkedin.com/in/vlad-svitanko/"
"Lennu Keinänen","Once Mining","Co-Founder","",""
"Matt Sullivan","MoonPay","Deputy General Counsel and Head of Ireland","","https://www.linkedin.com/in/matt-sullivan-3605b030/?originalSubdomain=ie"
"Jannah Patchay","Digital Pound Foundation","Director & Policy Lead","","https://www.linkedin.com/in/jannahpatchay/"
"Alizée Carli","Casper Association","Director of Strategy and Ecosystem Growth","","https://www.linkedin.com/in/alizeecarli/"
"Hervé Larren","Horizen Labs & ApeCoin DAO","Senior Advisor","",""
"Jan Smejkal","XVerse","CSO","","https://www.linkedin.com/in/yourchinaguy/"
"Kevin Plumpton","KyrrEx","CEO","","https://www.linkedin.com/in/kevin-plumpton/"
"Laurent Chemla","Web3 Audience","Digital Entrepreneur and Web3 Investor","",""
"Jon Eglisson","Monerium","Co-Founder & Chairman","","https://www.linkedin.com/in/egilsson/"
"Stijn Paumen","Helio","Founder & CEO","","https://www.linkedin.com/in/stijn-paumen-ab0808/"
"Amos Meiri","Node Capital","Founding Partner","","https://www.linkedin.com/in/amos-meiri-23002945/"
"Christoph Kampitsch","Scytale","CEO","",""
"Alice Stork","ICL Communications","Co-Founder of ICL Communications; Former BizDev Lead at Cointelegraph","","https://www.linkedin.com/in/alicezhura/"
"Pankhuri Bansal","United Nations","Blockchain & AI Expert","","https://www.linkedin.com/in/pankhuri-bansal-54097318/"
"Stefania Barbaglio","Cassiopeia Services","Founder and Director","","https://www.linkedin.com/in/stefaniabarbaglio/"
"Itai Elizur","MarketAcross","COO & Partner at MarketAcross & InboundJunction","https://twitter.com/itaielizur?lang=en","https://www.linkedin.com/in/itai-elizur/"
"Victoria Chynoweth","Forbes Digital Assets","Contributor","https://twitter.com/VictoriaVk2022","https://www.linkedin.com/in/victoria-chynoweth/"
"Daniel Porat","MarketAcross","VP Strategy and Head of Ecosystem Growth","","https://www.linkedin.com/in/danielporat/?originalSubdomain=il"
"Xavier Gomez","","Crypto and Blockchain advisor","","https://www.linkedin.com/in/xavier-gomez-xg/?originalSubdomain=fr"
"Marc Baumann","Dematerialzd.xyz","Founder","","https://www.linkedin.com/in/marcphilippeb/"
"Patrice Poujol","Lumiere","Founder & CEO","","https://www.linkedin.com/in/pulsefilms/"
"Eric Piscini","Swirlds Labs","CRO and COO","","https://www.linkedin.com/in/ericpiscini/"
"Przemysław Kral","Zonda Crypto","CEO","",""
"Lou Kerner","CryptoOracle Collective","Founder","","https://www.linkedin.com/in/loukerner/"
"Androux Reabow","BananaSZN","Co-Founder & CEO","","https://www.linkedin.com/in/androuxreabow/"
"Alessio Quaglini","Hex Trust","CEO & Co-Founder","",""
"Mel Gelderman","Token.com","Co-Founder & CEO","",""
"Guido Buehler","Zonda Crypto","Non-Executive Member of the Management Board at zondacrypto","",""
"Jacques-André Fines-Schlumberger","Blockchain for Good","Operational Manager","","https://www.linkedin.com/in/jafscv/"
"Matteo Rizzi","FTS Group","Co-Founder","https://twitter.com/matteorizzi","https://www.linkedin.com/in/matteorizzi/"
"Sheraz Ahmed","STORM Partners","Managing Partner","",""
"Jean-Christophe Liaubet","EY FABERNOVEL","Partner","","https://www.linkedin.com/in/jcliaubet/?originalSubdomain=fr"
"Lisa Cameron","UK  Parliament","Member of Parliament","",""
"Nicolas Biagosch","Q Protocol","Co-initiator","","https://www.linkedin.com/in/nicolas-biagosch/"
"Marc Tillement","Pyth Data Association","Director","",""
"Etiënne VantKruys","TRGC","Founder and Managing Partner","","https://www.linkedin.com/in/evtkruys/"
"Erina Penkovsky","Allnodes","Director of Corporate Strategy & Partnership","","https://www.linkedin.com/in/erinapenkovsky/?originalSubdomain=ca"
"Dan Danay","Check Point","Head of Web3 Security","","https://www.linkedin.com/in/dandanay/"
"Niraj Pant","Ritual.","Co-Founder","","https://www.linkedin.com/in/nirajpant/"
"Arnaud Caudoux","BPI","Deputy CEO (Finance","",""
"Tan Bin Ru","Blockchain Association of Singapore (BAS) / President ST Engineering","Chairwoman","","https://www.linkedin.com/in/tanbinru/?originalSubdomain=sg"
"Neil Cunha-Gomes","SoftBank Vision Fund","Head of EMEA Fintech","","https://www.linkedin.com/in/neil-cunha-gomes-89998a14?originalSubdomain=uk"
"Mercina Tillemann Perez","Circle","VP of Circle Impact","","https://www.linkedin.com/in/mercina-tillemann-perez-62530743/"
"Marina Baudéan","21Shares","MD","","https://www.linkedin.com/in/marina-baud%C3%A9an/"
"Benjamin Roth","Auros","CIO and Founder",""," https://www.linkedin.com/in/benjamin-roth-06154566/"
"Ryan Condron","Lumerin","Co-Founder","",""
"Quentin Werlé","6 Monks (6M)","Head of Portfolio Management","","https://www.linkedin.com/in/quentin-werle"
"Rémi Bouton","Wiseband","Head of Strategy and Public Relations","","https://www.linkedin.com/in/rbouton/?originalSubdomain=fr"
"Sonia Shaw","CoinW","President","","https://www.linkedin.com/in/sonia-shaw/"
"Maha Al-Saadi","Qatar Financial Centre Authority","Head of Regulatory Affairs","","https://www.linkedin.com/in/mahaalsaadi/"
"Jessica Renier","Institute of International Finance","Managing Director","","https://www.linkedin.com/in/jessica-renier-67ba06b/"
"Antoni Zolciak","Aleph Zero","Co-Founder","","https://www.linkedin.com/in/antonizolciak/"
"Mark Foster","Crypto Council for Innovation","EU Policy Lead","",""
"Mark Fielding","Culture3 / Thinking On Paper","Emerging Tech Journalist & Podcaster ","https://twitter.com/markfielding99",
"Oliver Anyanwu","The SIA Foundation","Developer Relations","","https://www.linkedin.com/in/oliver-anyanwu/?originalSubdomain=uk"
"Clara Guerra","Office for Financial Market Innovation and Digitisation","Director","",""
"Juliette Souliman","Portage","President","",""
"Tomer Niv","Entrée Capital","Crypto & Web3 Investor","","https://www.linkedin.com/in/tomer-niv/"
"Yana Abramova","Pretiosum Ventures","Founder and GP","","https://www.linkedin.com/in/yana-abramova"
"Clarisse Hagège","Dfns","Co-Founder & CEO","","https://www.linkedin.com/in/clarissehagege/"
"Eitan Katz","Kima","Co-Founder & CEO","","https://www.linkedin.com/in/eitankatz/"
"Fernando Martinho","Relayz","Co-Founder & CEO","","https://www.linkedin.com/in/fernando-martinho/?originalSubdomain=uk"
"Brian Rose","London Real","Founder & Host","","https://www.linkedin.com/in/brian-benedict-rose/"
"Kelly Ferraro","Grit Daily","Events Columnist","","https://www.linkedin.com/in/kellyanugent/"
"David S. Bennahum","READYgg","CEO","https://twitter.com/dbennahum","https://www.linkedin.com/in/dbennahum/"
"Ian Putter","Standard Bank","Head of the Blockchain Centre of Excellence","","https://www.linkedin.com/in/ian-putter-06727964/?originalSubdomain=za"
"Sarah Endline","Harvard Business School","Executive Fellow & Entrepreneur in Residence at Harvard Business School & CEO of Sazzy","","https://www.linkedin.com/in/sarahendline/"
"Shahaf Bar-Geffen","Coti Group","CEO","","https://www.linkedin.com/in/shahafbg/"
"Olivier Laborde","BPCE","Innovation Leader / Head of Marketing","",""
"Amanda Wick","Incite Consulting","Principal","https://twitter.com/Amanda_S_Wick","https://www.linkedin.com/in/amandawick/"
"Yaniv Nissenboim","Hexagate","CEO","","https://www.linkedin.com/in/yaniv-nissenboim-2647162/"
"Guy Itzhaki","Fhenix","CEO","","https://www.linkedin.com/in/guy-itzhaki/"
"Christophe de la Celle","Selini Capital","Chief Commercial Officer","","https://www.linkedin.com/in/christophe-de-la-celle-366a764b/?originalSubdomain=ch"
"Gregory Jessner","Narval","Co-Founder & CEO","","https://www.linkedin.com/in/gregory-jessner-06202820/"
"Iri Zohar","Bring","Founder & CEO","https://twitter.com/i/flow/login?redirect_after_login=%2Firizohar","https://www.linkedin.com/in/irizohar/"
"David Johansson","MetaKing Studios","Founder & CEO","","https://www.linkedin.com/in/david-johansson-9954a238/?originalSubdomain=se"
"Nicolas Vaiman","Bubblemaps","CEO","","https://www.linkedin.com/in/nicolasvaiman/?originalSubdomain=fr"
"Doug Levin","DOWSERS","CEO","","https://www.linkedin.com/in/bduck1/"
"Nataniel Elkaim","v3ntures","Partner","",""
"Anke Liu","Stellar Development Foundation","Ecosystem Growth Lead","","https://www.linkedin.com/in/ankeliu/"
"Thomas Klocanas","BlockTower","General Partner & Head of Venture","","https://www.linkedin.com/in/tklocanas"
"Giorgio Rota","VeChain","Business Developer","",""
"Marina Ferrari","","French Secretary of State for Digital Affairs","",""
"Mihailo Bjelic","Polygon","Co-Founder","https://twitter.com/MihailoBjelic","https://www.linkedin.com/in/mihailo-bjelic-33aaa764/"
"Leon Marshall","Galaxy Digital","CEO of Galaxy Europe and Global Head of Sales","","https://www.linkedin.com/in/leon-marshall-a99b823a/"
"Claire Calmejane","Leia Capital","Investor","","https://www.linkedin.com/in/clairecalmejane/?originalSubdomain=fr"
"Uldis Tēraudkalns","Nexpay","CEO","",""
"Thammarak Moenjak","London Office Bank of Thailand","Chief Representative","","https://www.linkedin.com/in/thammarak-moenjak/"
"Julian Martinez","Stellar Development Foundation","Senior Developer Advocate","","https://www.linkedin.com/in/julian-martinez28/"
"Peter Kerstens","European Commission","Technological Innovation","",""
"Jon Cinque","Anza","Developer Infrastructure","","https://www.linkedin.com/in/joncinque/"
"Nick Frostbutter","Solana Foundation","Developer Advocate","","https://www.linkedin.com/in/nickfrostbutter/"
"Tyler van der Hoeven","Stellar Development Foundation","Ecosystem Engineer","","https://www.linkedin.com/in/tyvdh/"
"Jeff Hasselman","926 Ventures","Founder","","https://www.linkedin.com/in/jeffhasselman/"
"Sébastien Borget","The Sandbox","Co-Founder & COO","","https://www.linkedin.com/in/borgetsebastien/?originalSubdomain=fr"
"Joël-Alexis Bialkiewicz","Delubac","Founder and CEO of Delupay","",""
"Michael Kong","Fantom Foundation","CEO & CIO","",""
"Luther Maday","MoneyGram","Head of Fintech Strategy and Innovation","",""
"Zaf Khan","AZTEQ Metaverse","Chief Marketing Officer","",""
"Faustine Fleuret","Adan","President","","https://www.linkedin.com/in/faustine-fleuret-640b67a4/"
"George Basiladze","Wert","Founder & CEO","","https://www.linkedin.com/in/georgebasiladze/"
"Stephan Dreyer","Association of National Numbering Agencies (ANNA)","Managing Director","","https://www.linkedin.com/in/stephandreyer71/"
"Daria Bogatyreva","Wert","Co-Founder","","https://www.linkedin.com/in/daria-bogatyreva-714aa399/"
"Daniel Fogg","RootstockLabs","CEO","",""
"Arius XYZ","PlayFi.ai","Founder","",""
"Holger Fisher","Concordium","Head of Ecosystem","",""
"Sunny Lu","VeChain","CEO","","https://www.linkedin.com/in/sunny-lu-55456915/?originalSubdomain=sm"
"Boğaçhan Yiğitbaşı","Concordium","Technical Product Manager","",""
"Jason Tigas","Ripple","Developer Advocate","","https://www.linkedin.com/in/jivey99/?originalSubdomain=ca"
"Julien Deneux","Tracr","Technical Integration support Director","","https://www.linkedin.com/in/juliendeneux/?originalSubdomain=uk"
"Bernard Gaughan","VeChain","Head of Architecture","",""
"Amy Waliszewska","Concordium","Developer Relations Engineer","",""
"Denis Dounaev","Digital Token Identifier Foundation (DTIF)","Product Owner","","https://www.linkedin.com/in/denis-dounaev/"
"Mrinal Manohar","Casper Labs","Co-Founder and  CEO","",""
"Babacar N. Seck","Petale Group","CEO","","https://www.linkedin.com/in/babacarseck/?originalSubdomain=fr"
"Romain Carrere","Aura Blockchain Consortium","CEO","","https://www.linkedin.com/in/romaincarrere/?originalSubdomain=ch"
"Kim Bingham","Mostrodarte","Founder & CEO","","https://www.linkedin.com/in/kim-bingham-8971268/?locale=fr_FR"
"Daniela Barbosa","The Linux Foundation","General Manager Blockchain and Identity at the Linux Foundation and Executive Director of Hyperledger Foundation","","https://www.linkedin.com/in/danielabarbosa/"
"Alex Atashkar","Seed.Photo","Co-Founder","","https://www.linkedin.com/in/alex-atashkar/"
"Danilo S. Carlucci","Morningstar Ventures","Founder & CEO","","https://www.linkedin.com/in/daniloscarlucci/"
"Dr. Ulli Spankowski","Börse Stuttgart Digital","Chief Digital & Product Officer","","https://www.linkedin.com/in/dr-ulli-spankowski-08652916/?originalSubdomain=de"
"David Cunningham","Citi","Global Head of Strategy and Partnerships for Digital Assets in Citi’s Treasury and Trade Solutions","","https://www.linkedin.com/in/davidcunninghamireland/?originalSubdomain=ie"
"Igor Teslya","ConsenSys","NA / EU Sales Director for MetaMask Institutional","",""
"Brittany Kaiser","Chateaushi","CEO","","https://www.linkedin.com/in/ownyourdata/"
"Oscar Wendel","The Counsel Services","Advisor to Valhalla Network and Partner","","https://www.linkedin.com/in/oscarwendel/"
"Bibin Babu","Paycio","Co-Founder","","https://www.linkedin.com/in/iambibinbabu"
"Juan Jose Mendez","Ripio","Chief Brand Officer","","https://www.linkedin.com/in/juanjo-mendez/?originalSubdomain=ar"
"Hazel Zhang","aelf","Head of Investments","","https://www.linkedin.com/in/hazelzzhz/"